Time_Spent_on_Site,Total_Amount_Spent,Page_Views,AOV,Group
90.987906,496.88,12.0,47.348084,A
50.79439,347.66,14.0,38.614252,A
66.206264,161.5,13.0,21.520578,A
61.22581,70.91,8.0,11.533441,A
122.862188,1014.99,14.0,90.846582,A
110.375357,99.26,30.0,22.399053,B
172.10286,52.29,40.0,29.303279,B
134.548224,332.94,27.0,52.063372,B
68.672467,233.74,24.0,28.71301,B
160.964552,13.23,27.0,4.908889,B,